id,file,bytes,sha256
unit_ember_squire,card-art/unit_ember_squire.webp,16676,4d2a7aa2fe25bb455048e4e55876d6be55313813093d3f4749da9fef0a955d23
unit_rift_hound,card-art/unit_rift_hound.webp,20426,afdee2637666a402d6882af2f38a1eb78104de6a1790d09f8104aee793d25def
unit_iron_bastion,card-art/unit_iron_bastion.webp,18094,54d636ac8dd8a9daa4cd8c6e250035e56d63f748e21d90bfcb8d5c0978bed6c3
unit_celestial_archer,card-art/unit_celestial_archer.webp,18126,7d1e6e5b1cd93357d654448e79bfacc9d787ede07324c82733e538f196785c28
unit_verdant_sage,card-art/unit_verdant_sage.webp,16016,34f0541ab3ddf821f821a4c73a1488c51e355ce155a66756e176acd9ffa52283
unit_tide_medic,card-art/unit_tide_medic.webp,16264,042b16290b833912c1a8b4063c208b830439caf4f430dc2f2688608cd3d4ed8c
unit_storm_lancer,card-art/unit_storm_lancer.webp,17032,acd293f4e1e72897ca033df74c68918817e2217b3d508eec5bc080779e0df1cc
unit_moon_priest,card-art/unit_moon_priest.webp,16802,327ff0ee3ea52b0f963371c761c4d480dcdf31a75c4f9337dabe40154933ee02
unit_ashen_duelist,card-art/unit_ashen_duelist.webp,72236,d0014c477b8150cdc501bec3a98e736d6f078faffdb3e0a7f177d80bcb5e3016
unit_crystal_warden,card-art/unit_crystal_warden.webp,19520,084ad0344a417588adde79456ed31e66485fdf0f9be07269afe268d774d75291
unit_void_reaper,card-art/unit_void_reaper.webp,14934,e5b039124de0dcf9a72255cb7fbaabd89c1fcc4522d7df6305d60f5498967bab
unit_nova_golem,card-art/unit_nova_golem.webp,22398,bec3db836c70784bd4fd582a32c7511fdd171570b003ef7a4e00506a53e2aa82
unit_timeweaver,card-art/unit_timeweaver.webp,15526,18ef4936de8922d03591915d553a7a61ef28dc98cbdb680fb237f5f05080bff2
unit_oracle_glass,card-art/unit_oracle_glass.webp,13450,ce5cf1c338c3883e3588901ed7e6907641f27635e0682f7167ca4728b5fae516
unit_eclipse_dragon,card-art/unit_eclipse_dragon.webp,19948,acd15196185187dcb77bc3727942418a5c33418299794c85104a814b2e4091d4
unit_phoenix_knight,card-art/unit_phoenix_knight.webp,22736,22b1524683afbbfb0bbc75662b10b60345ece1188525313c9cb179b2020eceb4
unit_tempest_queen,card-art/unit_tempest_queen.webp,17498,289f6fba104722b1063a153c7d7d408e4c90ebdb99b98da20466110f6b6d8f47
unit_crownless_titan,card-art/unit_crownless_titan.webp,91414,4981c6af2f594eb5379fe33be42fd8bee2380de173f8bf2c05865afead8ec409
unit_star_devourer,card-art/unit_star_devourer.webp,18378,e382d5334b92a06b03ade3d8c7c73a8005240171e31d24200b3f260e0fe72061
unit_dawn_seraph,card-art/unit_dawn_seraph.webp,22726,e5e2954bacc1b67e8225b74df45e625b4b2d4a1174f61cf8b92ffb7067e8a4d8
spell_spark_bolt,card-art/spell_spark_bolt.webp,21668,e7988efa31bfc302b7e38cae924bee992c8402da5aca9fe35b51c6ee3e43a574
spell_battle_hymn,card-art/spell_battle_hymn.webp,25396,c1a0692023503aaf2434ebd3dcc761c8423e044055dc7fd4deefee614711bb7f
spell_mending_light,card-art/spell_mending_light.webp,21410,fb9abb77e68f34d3d9de962eb4273c0ff86233e7c27564d0eb3f9b2f73acb4ec
spell_astral_insight,card-art/spell_astral_insight.webp,84688,153cd84157fc6d451f9c9a07915d0b3846d76277ed4f46331c5a92142994e79b
spell_void_lance,card-art/spell_void_lance.webp,75082,3f00610acc4dbde43996e44e5fc619251faa8540a116d0c147f5fb594295b16e
spell_overgrowth,card-art/spell_overgrowth.webp,26848,a1fe35a19a525414001dab69a5d3621ec5078715ba5297a3d36e3a05f7177daf
spell_chain_lightning,card-art/spell_chain_lightning.webp,21424,7c9a5f269e6a09b4efbe04a12eae38b75d30621a6b4d064695d2eca991e13a79
spell_cleanse,card-art/spell_cleanse.webp,10458,163c66d807cadefb5883cb0f7a3660e0e10e2074609deef1abb207e2e4453d88
spell_supernova,card-art/spell_supernova.webp,27980,04bb83cff879fb2a843ab975f6a43df5b8439258a0fe0c85b4add8825350ab2e
spell_rebirth_seed,card-art/spell_rebirth_seed.webp,15360,c4d4ee7a0b8fad65ba394b6d0ded0bcb2068d386264db8ba068f63e032ba1af6
trap_mirror_veil,card-art/trap_mirror_veil.webp,16774,5c4465df6beb50def9c8a675adf0ee26387af97cb2156913e9023f7d9584b41e
trap_thorn_snare,card-art/trap_thorn_snare.webp,18580,9782f8fe7b26e654382a38074de004fb3311d434faa4ac49f3e4e26fda13863e
trap_counter_sigil,card-art/trap_counter_sigil.webp,17576,4fd655549295f426fa60f013cfb97f20ba6634262788e5d2cf1fc785942e0a52
trap_ambush,card-art/trap_ambush.webp,16036,be9aeb6db4ed142da98a2fc47e34f8db01009669550eea6e82b9a87da69406f3
trap_last_stand,card-art/trap_last_stand.webp,78050,f4981c3e01fd37de1d2d7ff39f13e024f39b08b7aa4fd94ba76cf9986babb0c0
trap_storm_prison,card-art/trap_storm_prison.webp,16248,63d01d31d2cef2ad6da5ae2a7c54be395ed47a5060f7f3659a57b3b20146d7d0
trap_null_horizon,card-art/trap_null_horizon.webp,91770,462bdc178fad35d473a2eb0eaaec4587ce22b7f3f292176fe6bbade5af588be6
trap_crystal_reversal,card-art/trap_crystal_reversal.webp,22558,0fbd8c13b9316d6b3ab39b23ba88198b5a243bb80f700701d79d643d2e29593e
trap_blooming_guard,card-art/trap_blooming_guard.webp,19060,33a75227f905fce32e86092535eba955f2650d21da9beed55f7f1be6584d5192
trap_solar_rebuke,card-art/trap_solar_rebuke.webp,19460,28c7d1eaace30022010156af26360abf86ef80a632ec776de1c84c2bc19a6472
unit_rift_wanderer,card-art/unit_rift_wanderer.webp,14914,ffcdb371ffd6c913ea7b09a86fa6084c4ca51377ec36178801c93d972b414158
unit_lastlight_vanguard,card-art/unit_lastlight_vanguard.webp,17494,97a4b47939754bef99f2c47901f84bd0945daeae9dd4348370c6afe145872f64
unit_tempest_interceptor,card-art/unit_tempest_interceptor.webp,17970,fc07659f56598f09b69a96ca10074fa8da5cf130e869729300de2d2627a61aa9
unit_gravebloom_medium,card-art/unit_gravebloom_medium.webp,15962,f3ec471874206a9eb269c003d93ce196d20403e33237f7bb5946069af0fd7925
fusion_eclipse_chimera,card-art/fusion_eclipse_chimera.webp,89776,a3e894103a7902170769cd5bb60785c0af5a913ed8b79b6c6ea5e56ecb418751
fusion_tempest_colossus,card-art/fusion_tempest_colossus.webp,72610,a830f84356e29b49e58e2aef754fec59f99d7c91474485e08c5f13b35e307911
fusion_worldroot_hydra,card-art/fusion_worldroot_hydra.webp,20186,d726a85f3db83d02dc124b1084a3563f333f56030eb3087957c95322643230eb
evolution_ember_phoenix,card-art/evolution_ember_phoenix.webp,86406,fef2cd4ff4dfae68f724d316e6d6dbca8710a8e4b146f568468cbf821b619970
evolution_iron_sovereign,card-art/evolution_iron_sovereign.webp,25662,cf729e269c3887ebb491efe1a92d4bff2e0ad45a7771b4e87780c3fc35160bd3
evolution_rift_alpha,card-art/evolution_rift_alpha.webp,85264,62d0509c4a6e0df937ba317236fa734228cc7342370ee76530fc2467acbd2210
trap_resonance_break,card-art/trap_resonance_break.webp,19768,8f91293d04fcbffdb6cc92978723805a345448d77816d472b28d3ec44a8c83e6
trap_ancestral_denial,card-art/trap_ancestral_denial.webp,16250,d650dcd5755657b0e893a29aacd014b3f76ce8d0483f44bd7dd828e95d0a9d4c
unit_v8_solar_01,card-art/unit_v8_solar_01.webp,17692,f309a0db295a4a5851d1867c6474bbd1557f7e232671f3815822cbec70427e22
unit_v8_solar_02,card-art/unit_v8_solar_02.webp,9714,d5cb3650ba0e802de959b7262df04341f1d22e24d8b189b7f3af29c8aa04a1c4
unit_v8_solar_03,card-art/unit_v8_solar_03.webp,9760,d356eaef810fc7386b8697f89570807f1377326fe68e704e47667380ff908a6b
unit_v8_solar_04,card-art/unit_v8_solar_04.webp,9994,4fc3f3a9d4c6e163e7aa7a445d688ebce6c7c05b8da5e2bc507b525d1eeae936
unit_v8_solar_05,card-art/unit_v8_solar_05.webp,15610,2fa429a7663266c64fc6f3f9f56e42380e8a9c30be9566e86a1cfd91155fa566
unit_v8_solar_06,card-art/unit_v8_solar_06.webp,10490,c8771c06f6149610bb592c2e9da56e5de1a5e4d1bc740b2d865d71802e836f42
unit_v8_solar_07,card-art/unit_v8_solar_07.webp,17538,de296266974b9dbe24806422235dea1200f7e633e49c58cf1312248195ac5788
unit_v8_solar_08,card-art/unit_v8_solar_08.webp,9568,517eab662f1f89b508e4ce5374169d863ac074eaa22465f19de9455176c8e640
unit_v8_solar_09,card-art/unit_v8_solar_09.webp,16336,213f87e5b4387fca30aec1e314718f2915b3c20b296bacf220cc1fadc244bd4f
unit_v8_solar_10,card-art/unit_v8_solar_10.webp,17906,6db9893fc0aebaae16cbdb483f6da67e4f4716fad39751c88ecf51be06093c1c
unit_v8_solar_11,card-art/unit_v8_solar_11.webp,9482,465c871d3471a737da5b85cd9760790fbe4310b8a91368bd3f11fca86a0a8b28
unit_v8_solar_12,card-art/unit_v8_solar_12.webp,16044,fa5dd4b370f10b563825caff97585000f2eb5124e5395e0592f70abc9d0606d3
unit_v8_solar_13,card-art/unit_v8_solar_13.webp,9790,11373feb1a7797c97360c0599cff5587e13eb0f78e1367bbcdd126b9fb823f5e
unit_v8_solar_14,card-art/unit_v8_solar_14.webp,10758,aa2f485162f7af16e7b18d4d688400cffdcdec501446c55d490ba43b328e688b
unit_v8_solar_15,card-art/unit_v8_solar_15.webp,9182,e8512c2e5a0f6288ffbfdcef2f29b3772e83bb471d9663e938190c2b175b2017
unit_v8_solar_16,card-art/unit_v8_solar_16.webp,9080,a686d00e671264370a0db6f44687dbe6a410e38c546287524c412be21e9f8c82
unit_v8_solar_17,card-art/unit_v8_solar_17.webp,11366,f6d4be024c5bfd2cf0ff1ff4ac78dfa5a755a5f051a7a264db51b778421e25e5
unit_v8_solar_18,card-art/unit_v8_solar_18.webp,9762,9d0836e6421b2ba743558a5de04d8f31fb35197a658af4867a9a5e87b42b4fc3
unit_v8_solar_19,card-art/unit_v8_solar_19.webp,9740,2feb19f3b0d49d618cf9d7f8401a150c3c5cb9d7359f1e2a4473088e182bff6d
unit_v8_solar_20,card-art/unit_v8_solar_20.webp,9848,9977223bb36ac67b1d0fede70dc8e2c552c1c58150d5aaf003bbc2743a2ecbf6
unit_v8_lunar_01,card-art/unit_v8_lunar_01.webp,15806,ff86db49ce1439c16a4a9995666ca866aa31c1a783ec39e4f423db4a792d0dd1
unit_v8_lunar_02,card-art/unit_v8_lunar_02.webp,17526,a353d9361461ccf541f75601dfc32fac7082ad0bd8a6a4b6ffa0e4d181b55b39
unit_v8_lunar_03,card-art/unit_v8_lunar_03.webp,7690,7c5feb9a1c944fb1a04bb50352b617fb2aaedb945a839b18429c864c07fcb672
unit_v8_lunar_04,card-art/unit_v8_lunar_04.webp,13690,246ed30a04cff926d2124b98498cb966052d1221ddab7fa074c11da99745c258
unit_v8_lunar_05,card-art/unit_v8_lunar_05.webp,10850,5a497cca638b2333cac9202165ee1941b4a1587e8d68ac654922bd3047b41798
unit_v8_lunar_06,card-art/unit_v8_lunar_06.webp,8320,356891a31a1bd4e6a59f7d1bd3812e7dc81a8f1471de79b792f0b4b309a60c5e
unit_v8_lunar_07,card-art/unit_v8_lunar_07.webp,15154,c747f46f3cfc5798d580c6cf43390a4731936c3f73cbe2a24621e143a82af90d
unit_v8_lunar_08,card-art/unit_v8_lunar_08.webp,15094,1e01ee7676acd95851f61e3a7420d4b88666fa0b437f7e7e054f1f47ff11e14d
unit_v8_lunar_09,card-art/unit_v8_lunar_09.webp,11750,27c8c89eb39058f4ba5db021e12078ca9f445cfeae15093634cf71708778bec2
unit_v8_lunar_10,card-art/unit_v8_lunar_10.webp,13128,5d8743e038c6a10117fb713b0c1764e5325f7bcaabf66eacb2c327573d7201f1
unit_v8_lunar_11,card-art/unit_v8_lunar_11.webp,8162,f83bf31bfcc54639c0c2f9e09fce65b88ef32375fb8b23de4bbf67b150c4126d
unit_v8_lunar_12,card-art/unit_v8_lunar_12.webp,14562,60915eeb02bb3eb09c0784fec7da4b21c23311f275ef3273172fb6a58d7060c9
unit_v8_lunar_13,card-art/unit_v8_lunar_13.webp,15130,223cc7cba907e7e7c42b102b192cf563316d8ed155217b74aa7304df25e622a6
unit_v8_lunar_14,card-art/unit_v8_lunar_14.webp,14818,47d90a0527e69fe6f8a9426e99f81eedd1f3baf502575b15cdee7bc9f71ccb09
unit_v8_lunar_15,card-art/unit_v8_lunar_15.webp,14358,3dda4cb1fa4c132b2ae3efd7e3564304a5026ee1f4dad2bf4514244b5a5d3aa5
unit_v8_lunar_16,card-art/unit_v8_lunar_16.webp,15682,b7e797aa374cb538439f432930407f280007bced2d4ab7b8c745ede81313433e
unit_v8_lunar_17,card-art/unit_v8_lunar_17.webp,13998,338b6a8d62d0b44e25a2816a324d3741a5679a37a625023aaa16e996984f048e
unit_v8_lunar_18,card-art/unit_v8_lunar_18.webp,14198,2311e9662c0769452dfdf9f9336086d608f2d880dd8b0d221b088ddc27fb5e57
unit_v8_lunar_19,card-art/unit_v8_lunar_19.webp,16758,96fe2cfcbc7da261e841cfdc07c0ac933beae65576b577335214ce418dd8c1f5
unit_v8_lunar_20,card-art/unit_v8_lunar_20.webp,15324,08457ffe9ced3183be99c84954ee4940d0b0797eba2c2fefb879ee97e4d2cc84
unit_v8_storm_01,card-art/unit_v8_storm_01.webp,15140,f46289cbfba962e1d3b78ebaf192b131377984948a3b24f8ddd258c979ba5ca2
unit_v8_storm_02,card-art/unit_v8_storm_02.webp,14894,19e219aaafe104723a7e27070c33932b8d0b49798a3ab2a96b6c0c65eba07f02
unit_v8_storm_03,card-art/unit_v8_storm_03.webp,15842,2b804595a1582737ec71a15b5442789b9b93bdc0633a81ddcbed55b16eb5bec1
unit_v8_storm_04,card-art/unit_v8_storm_04.webp,15414,1da49eb5779523148ae4b2e650979115f86a3f02a72eb00d06014d447dec4b04
unit_v8_storm_05,card-art/unit_v8_storm_05.webp,14606,0be456f784272164813a0f377943050cbbdb28530b4b3b981d121c6eed6ec305
unit_v8_storm_06,card-art/unit_v8_storm_06.webp,14334,6876b639590db1cbdc604709cbe5eecd4d8c82efb9b6e81b9daa25d43a677211
unit_v8_storm_07,card-art/unit_v8_storm_07.webp,15264,055ed89ea0472336cd2f0f530e8528bd8ecbb27554d1f5e18afdd036266e9c21
unit_v8_storm_08,card-art/unit_v8_storm_08.webp,17156,36b51893f9ea9c3346ad2d6ad35f5e46bce8adb4febc236b7ce0c42bd3ae65af
unit_v8_storm_09,card-art/unit_v8_storm_09.webp,15496,1eebe88c6006af79561dbdf0c1ce1bc1ca1d95c5ef2b20e326125ec61b0b7ed5
unit_v8_storm_10,card-art/unit_v8_storm_10.webp,17458,23526e10e4a43079b2a000b6f18984d654403b94bde09d2c2c4d2b2be36b1760
unit_v8_storm_11,card-art/unit_v8_storm_11.webp,16862,24c6b76968491e027f3be0b67ed0e7252c8f295af261d4a211b0ca83b301dd46
unit_v8_storm_12,card-art/unit_v8_storm_12.webp,15408,614e4910ddf094d6b2b85209ab3b376a671fa92e279d97b8fab2b587f2cd7e8f
unit_v8_storm_13,card-art/unit_v8_storm_13.webp,15280,e478f216c4ede7fa4a705555acbfbb537b4b60a0bde3e6fb757120aa11790c1d
unit_v8_storm_14,card-art/unit_v8_storm_14.webp,13358,f14de68580adc14f29b4ef68083f8e934debc97a6931572d6454cbff418fe816
unit_v8_storm_15,card-art/unit_v8_storm_15.webp,13602,924b358ba8b1ec55ee5550c98ee86bf5b144ace05eece3c2915107229378496b
unit_v8_storm_16,card-art/unit_v8_storm_16.webp,15828,3114e4948645fd23560bfaa0bf011823588ba5ed932198a107aaefa5170c2668
unit_v8_storm_17,card-art/unit_v8_storm_17.webp,14162,9f5291b4f39aa05ea2c23cdef1e2dffa84b8e629e9ae65cad9a7e67a40f87850
unit_v8_storm_18,card-art/unit_v8_storm_18.webp,18898,1d5ce1324d971e78b8997035b893119ef129d31b1e0124b5ab3617dbdbfebb58
unit_v8_storm_19,card-art/unit_v8_storm_19.webp,14584,1f872ffb8968b85c74e7d6f79c3b26ccaa972089cc250e6506eda5b109d7febb
unit_v8_storm_20,card-art/unit_v8_storm_20.webp,15044,e695a1ac1f91d858d8fb34df3eb50612a332061a4e72bab73882ef44a4de129a
unit_v8_verdant_01,card-art/unit_v8_verdant_01.webp,14294,577fad92d4dc248030062409fc8147c2ea981c21b9624c2eaf304e4db67258bd
unit_v8_verdant_02,card-art/unit_v8_verdant_02.webp,11764,6e270b6ba765f7a57032ac5a27f319b1e8c1d7b4cc94577e41d29a378529e5f5
unit_v8_verdant_03,card-art/unit_v8_verdant_03.webp,14340,494546d571a58a5b546681c79de19cc89984c3338f28c854fa5a9ac61482c70a
unit_v8_verdant_04,card-art/unit_v8_verdant_04.webp,16266,eff8d7ca3a8a66e110bb88b1899e31042f5b8afec9f558eb6fc92d15262cd9e2
unit_v8_verdant_05,card-art/unit_v8_verdant_05.webp,13296,5521a854989153d077611a3cbc2426a8ed3db42b6b4fd1d6da3885ccf9a95513
unit_v8_verdant_06,card-art/unit_v8_verdant_06.webp,16862,21b766268656c3f4325940427242a2cde2a85ff1afd5bf8ab97f3a6e6a25d6e1
unit_v8_verdant_07,card-art/unit_v8_verdant_07.webp,14852,ffa8a0ea920a5880cd521212ef524152507003c570c2441f5d99cf75d67b966f
unit_v8_verdant_08,card-art/unit_v8_verdant_08.webp,17292,39abe6e5bc1b337ed9bb4929bf54f4b4f85ac0f845964b966334da5967fcf5cf
unit_v8_verdant_09,card-art/unit_v8_verdant_09.webp,16180,4ff99bf76d699a2e712efe0721a22c7b2503949a69af21d4ff0acaf3be3b8910
unit_v8_verdant_10,card-art/unit_v8_verdant_10.webp,18102,b2367d4710197e2fb15d3c6d70a11200f8d80312e2afee9b3bdcdefd06256024
unit_v8_verdant_11,card-art/unit_v8_verdant_11.webp,14750,37cd2558190ea0cb93f024c526825c664d7a38229efd66b841442b82781f2a19
unit_v8_verdant_12,card-art/unit_v8_verdant_12.webp,16656,f3c2c7b6edf96a3ff381f732041ba22beaa733d66faeef8e2b3dd449548fe9d8
unit_v8_verdant_13,card-art/unit_v8_verdant_13.webp,7594,5108ca093a9c778f24b42f5c243ef53bcccf7c3511368d38b147efc44da1a000
unit_v8_verdant_14,card-art/unit_v8_verdant_14.webp,6918,a1fd3c7e0ded697ee6c5cca47ab59921ad89df1dcd96a9c147841f1d4ffd2be2
unit_v8_verdant_15,card-art/unit_v8_verdant_15.webp,7168,30fef5b278c9724e61f7f4d6926cb2017354e8de38c2c8c8f4f5ec24cdf8f07b
unit_v8_verdant_16,card-art/unit_v8_verdant_16.webp,7992,20100c007e0603a012c48db60a8a53035bb7a85a5074072568f2b3c0b13839e9
unit_v8_verdant_17,card-art/unit_v8_verdant_17.webp,15224,273bad1150669d6be6c63a07a4af6e221f6e0c6d5b77950902448e7b32cbb31a
unit_v8_verdant_18,card-art/unit_v8_verdant_18.webp,7390,f9ef88a3ccfda3e56cde348ef9f7e8ed4038d0b80e61a261c3baf550dba08ef4
unit_v8_verdant_19,card-art/unit_v8_verdant_19.webp,15268,d01547fad9e44e4963ed8061b23ac855c48c7455714d1ad87113d241f33b84fa
unit_v8_verdant_20,card-art/unit_v8_verdant_20.webp,7268,0f2fe3586e28197958ee4f5556c8d302bad1d822f608c96245125701c8b0316c
unit_v8_void_01,card-art/unit_v8_void_01.webp,15992,33639ded0a1e087a21bcbb1dc1bffe93367b300eff2275c316dcea267e5344a9
unit_v8_void_02,card-art/unit_v8_void_02.webp,6976,3b5aed159f2924f1a1704fcf5eee51414b02f6f0f3ec51a4048d176d4e0cd8d6
unit_v8_void_03,card-art/unit_v8_void_03.webp,14340,28d93c24c80950506dddc0c6f8cc17c3ef9e490039468148be9a9bf157b64850
unit_v8_void_04,card-art/unit_v8_void_04.webp,6778,42f9daabbeb8f19ef8b4a156f0374e1f350dc450ff8ca5d072101b729b0f0d35
unit_v8_void_05,card-art/unit_v8_void_05.webp,15314,ce146f73511c3cdcf973b81580c0ddb6c0788d0aa44650dfa06de14b0af6458a
unit_v8_void_06,card-art/unit_v8_void_06.webp,6520,5ac283d3da896c8d45ae19074f110719ca4b8f38f197d346b5964e7e54d55633
unit_v8_void_07,card-art/unit_v8_void_07.webp,16526,9ead033db67b24723d8e00346a827999f52fdbf54549fb99a39e6810ca22d15c
unit_v8_void_08,card-art/unit_v8_void_08.webp,15674,1996a024f585b067b6046d5da30c1e81bdab7212aa5a700a3eb44edcbddcab62
unit_v8_void_09,card-art/unit_v8_void_09.webp,14280,4d6332fd5a1c05abe69e343034a6d50a5454b68c9da343bdead2dd04fe3e4f6f
unit_v8_void_10,card-art/unit_v8_void_10.webp,15088,2eb101f4609e0b513dc8abbc1c0ef0775e0ad5b98122cf348b6d98a3a4c6ece6
unit_v8_void_11,card-art/unit_v8_void_11.webp,15040,9100772a4f2af63802a03dde3b7141268716517b064c563f171f22b9908b9ff7
unit_v8_void_12,card-art/unit_v8_void_12.webp,6578,8be01e9007caeb67c918fae3490be6de94283a188bd84935315d7cdf520c1f08
unit_v8_void_13,card-art/unit_v8_void_13.webp,7624,094cb150da9ced13ba74a81f756ca524dd6d56763ffdae806028745d457378d2
unit_v8_void_14,card-art/unit_v8_void_14.webp,15400,4de6da5fe39cb4a8cbb33cdd8a249468c7fa6a3f603cd62eb4bb1182ae4a4971
unit_v8_void_15,card-art/unit_v8_void_15.webp,15618,f036364f058584308d65a7322e52b8ce306c9fe22824ec7b9825882335d86e58
unit_v8_void_16,card-art/unit_v8_void_16.webp,7822,39e104189b31793b407fb28cbfa770eabe3a912ccec8f5cf59b0c85d2a814545
unit_v8_void_17,card-art/unit_v8_void_17.webp,12916,e2cb8e6611fcf596384c2bae850d77d31439db4dc9a21b676300345f23cf6e96
unit_v8_void_18,card-art/unit_v8_void_18.webp,13388,e312f25c41593534ace0ef0077a86cf1a9e1a0b3af2c733a50d87e97be20e64d
unit_v8_void_19,card-art/unit_v8_void_19.webp,13138,6d1842a96e7580f2f51e6699481de39eef3a00cf46be0796a23166f55f2e2f1a
unit_v8_void_20,card-art/unit_v8_void_20.webp,15114,74308945f42a1902dec95eb47f4efb2ccae85cc4c8f21b3717dfe5499e4a48a7
unit_v8_neutral_01,card-art/unit_v8_neutral_01.webp,7452,96e0345839fe76109288c2ae3c9b3073b4af6cb68aecbb0f0bdf6dfaa8484933
unit_v8_neutral_02,card-art/unit_v8_neutral_02.webp,7786,7884d90d08a65617477924d2d19629079ac09a5cf361ed492026b8f767922a32
unit_v8_neutral_03,card-art/unit_v8_neutral_03.webp,6988,8d2d34ae4e5ea4e0c62ff46522c212a17203ed2580cc32c7eff62fdeef7132e1
unit_v8_neutral_04,card-art/unit_v8_neutral_04.webp,6826,9a9d58e26f6ddc711fdd0e1934bb01591d1d988142e641dc6194974e130e0205
unit_v8_neutral_05,card-art/unit_v8_neutral_05.webp,6940,7b33f37bd0bbe1d0f731e175ead29cffb769a180e4211437eda0ee6a07f75b7f
unit_v8_neutral_06,card-art/unit_v8_neutral_06.webp,7000,c46d4b159a7626610cd4dd258cd10659d4269892555bdd5bd36424575871cd84
unit_v8_neutral_07,card-art/unit_v8_neutral_07.webp,6848,2b78993df7c35567f6370ddac55049135dafc8092e7caed5ecd55077ca868740
unit_v8_neutral_08,card-art/unit_v8_neutral_08.webp,6742,3a9319e7ce1cc86f597ea3504dffe6d477b3ddbe64b605e578a7625747db91c0
unit_v8_neutral_09,card-art/unit_v8_neutral_09.webp,7390,a2885ce0b46920e4630a21436020b704facacfecb80112a371c712f1c4fbdfdc
unit_v8_neutral_10,card-art/unit_v8_neutral_10.webp,7972,2b13f8d113474a32ac7967d7ccbd05da49de14d2b651a84ccd66183c1a855822
unit_v8_neutral_11,card-art/unit_v8_neutral_11.webp,6960,e8ecd96a14e428724baaddf73689fdd44575aa02703368749bde29b21b9d2436
unit_v8_neutral_12,card-art/unit_v8_neutral_12.webp,7358,c427aa6140d090f1b7b12782db64b3fde2ded7e66edb58493c3d04b51ba381d4
unit_v8_neutral_13,card-art/unit_v8_neutral_13.webp,7292,7c8fbe0aa09a89981e144cac817dd862b42b55408460ac52e091d0f424756d70
unit_v8_neutral_14,card-art/unit_v8_neutral_14.webp,7534,fe9555f61669e264e2123e31e9a2e8203a462c13893bf3e37e2237b8a778678a
unit_v8_neutral_15,card-art/unit_v8_neutral_15.webp,6836,612583a9a300398f8c7249698c1d8a596001c2a7726d1369262367bb9d0b7903
unit_v8_neutral_16,card-art/unit_v8_neutral_16.webp,7108,311cdafd6f989032bb793da2e0443026d4485213f0218250521767ddc8e2e279
unit_v8_neutral_17,card-art/unit_v8_neutral_17.webp,6882,e84ab4acae6eec5efc919e6bf560382d58b705bae26a63a0b51c38432d5476df
unit_v8_neutral_18,card-art/unit_v8_neutral_18.webp,7394,217c542f7e9df7be2829b8cac995e8022ec46ba509de88b80eb05e66adad4b8f
unit_v8_neutral_19,card-art/unit_v8_neutral_19.webp,7632,6a99da4d99f37ad7f5ac43690adc2ee78247cbe4130386b3f0551ac4eafe9630
unit_v8_neutral_20,card-art/unit_v8_neutral_20.webp,7736,6ad52d0e6efdb12a1b24ab729a5152c0c5d67329e25b79d4400d02debdf05c0e
spell_v8_solar_01,card-art/spell_v8_solar_01.webp,19666,169a6d26437a925408979664d771ca3aad567b6e7d73b04d1462811252473c5b
spell_v8_solar_02,card-art/spell_v8_solar_02.webp,23998,505f930b20affd88febc09283689220b9455d499b2cfcc2cb97a177d4561e23d
spell_v8_solar_03,card-art/spell_v8_solar_03.webp,18244,184a054c1c4f9cf970b376dba8362cf235e818e638f59279d84eca6879559d3a
spell_v8_solar_04,card-art/spell_v8_solar_04.webp,18174,dd18698e2132d955db22199a65530727108aa009f83af7dd80b169888ff812f2
spell_v8_solar_05,card-art/spell_v8_solar_05.webp,17864,75e1fef8a852baa4d467d7b136c3d7bd106d2b8225d069a0ac94fa4298aced49
spell_v8_solar_06,card-art/spell_v8_solar_06.webp,17596,68e814ada6c405c7f5640bde8a4d751666c4ddccdbf4d4bb250a1ca4b2e98e06
spell_v8_solar_07,card-art/spell_v8_solar_07.webp,23504,25c239334f2be270af5ac9e3626c6b2c64cd85b604603461b2ea1a3382462adc
spell_v8_solar_08,card-art/spell_v8_solar_08.webp,23754,ae3156296f4d2b906eb8144ad41c2d0b93facb98e60616e7f343e2e081bde1c0
spell_v8_solar_09,card-art/spell_v8_solar_09.webp,19012,eddd113675eb12a210f50db0c47d914ec6f520081ba451b8eb7987a81c920153
spell_v8_solar_10,card-art/spell_v8_solar_10.webp,22540,622118f94a5920e5660e8df00f8d6a9a22f5a75836c04e33d49000b42100b3b6
spell_v8_lunar_01,card-art/spell_v8_lunar_01.webp,22310,43c06de6cfb81391a79784867622345e65d507ee279e81809343f898402895b8
spell_v8_lunar_02,card-art/spell_v8_lunar_02.webp,17616,cb726619f4d36955b6ed44624caf1a988cd1765868e1528fe8730c7eb2244051
spell_v8_lunar_03,card-art/spell_v8_lunar_03.webp,17680,f98d3479f13039ab0dda243d98ad26881745c945fb18cfb0c6747d6ad97c5377
spell_v8_lunar_04,card-art/spell_v8_lunar_04.webp,21776,936ed811f3bc02328af6219ede0260dc8aeee2bd8cba62b52a1e75219188e635
spell_v8_lunar_05,card-art/spell_v8_lunar_05.webp,22528,4dac0ee38b5eb77711d8c6a120dcd2174bb861727245df1ec6062278c6780917
spell_v8_lunar_06,card-art/spell_v8_lunar_06.webp,14480,41c05b6c49e63edb304682cb1ab9abfc99f93ea1be0289d77a5f554f6b64fbc1
spell_v8_lunar_07,card-art/spell_v8_lunar_07.webp,17434,c1f8539b8b892ca84fb6c216df69b2355133b5101a8e66eba3ec3fe0120ad62c
spell_v8_lunar_08,card-art/spell_v8_lunar_08.webp,19324,67dfd884b94222883f73e1820032a05d2ee9d94a58fcf4df44b05266667b13b7
spell_v8_lunar_09,card-art/spell_v8_lunar_09.webp,18544,49059c8d4c0940e3197c6bfe360049a8f1e399ac08b9e97e7d00956c2cf460fa
spell_v8_lunar_10,card-art/spell_v8_lunar_10.webp,19070,31cad0eb40cc7e0430d15fd0cfa18f1b29ccd3111c5063a7534465dd02841425
spell_v8_storm_01,card-art/spell_v8_storm_01.webp,21852,a25a4ec43510360e569129583fb6d11fc566e98ecb369ec04b39a273f836276a
spell_v8_storm_02,card-art/spell_v8_storm_02.webp,24238,5b45f5f37079f283b867a1e624d32513cec90e200646ac673a1ccbb763894d03
spell_v8_storm_03,card-art/spell_v8_storm_03.webp,18246,10c986b95fbe79cfb951ed71a56db94bb22c8ab1a58105f437f996e90c58349d
spell_v8_storm_04,card-art/spell_v8_storm_04.webp,22158,f09f8ac98f11ba1c345eec8bf6bb4b5503c481f4792ddbde873f15c463a17984
spell_v8_storm_05,card-art/spell_v8_storm_05.webp,22310,f68458917a310eeb3f4e0835f269c0da97b7c01172a62d38e4f838f899b98bee
spell_v8_storm_06,card-art/spell_v8_storm_06.webp,22796,645cc49ee0e6f7bd6ee233e842aced435a34a925081ed9a2ae2384cdd7054656
spell_v8_storm_07,card-art/spell_v8_storm_07.webp,22312,d29fd0778ecaba8f98c33941efc660d6d00d426784bb6948e2c757b1f6ef3392
spell_v8_storm_08,card-art/spell_v8_storm_08.webp,19942,af09de573e255515436810557880387325d41bc2f6edd5e51e738252e6dda020
spell_v8_storm_09,card-art/spell_v8_storm_09.webp,20532,4f880e9aebf3cb399a9acf7f99c61cd8f4829e87cb3fe0fec82f3b7e79d964d9
spell_v8_storm_10,card-art/spell_v8_storm_10.webp,18988,cfc3b47ae8c31fa36a001993e8cecb82a6083095771adcf391ce2ad6f1e11c1c
spell_v8_verdant_01,card-art/spell_v8_verdant_01.webp,20756,8344b4533f2aaee92d260f58feaa8c267dfd005b1345ce9cebdb4b3cdc35a71a
spell_v8_verdant_02,card-art/spell_v8_verdant_02.webp,19940,0dd71349d0ab77ace2a7eaaa092d6781095620b7d7756d51460cbe9c863abcd5
spell_v8_verdant_03,card-art/spell_v8_verdant_03.webp,15296,a88a1bfc2069552e25b393247607fbcc5ed038353d6064fa3110d576b387a660
spell_v8_verdant_04,card-art/spell_v8_verdant_04.webp,21024,d5d9a366ec7f5181a2ae1ea3d3c18e942bb9e0ca63897423f3d41fc31afddc48
spell_v8_verdant_05,card-art/spell_v8_verdant_05.webp,19612,3c37cd3160cdfceee8a78af76636af83a529aacf0ea48fbf0703c924d0d998a7
spell_v8_verdant_06,card-art/spell_v8_verdant_06.webp,20606,78d3ce06dedf57837c2c255eeae9df3927726b8040946f4ae128edfbd8a2ba83
spell_v8_verdant_07,card-art/spell_v8_verdant_07.webp,22408,781933c070fa9c281a3e378180bacb8ffb45b410fcbe60c415943821bb167be1
spell_v8_verdant_08,card-art/spell_v8_verdant_08.webp,15300,c2012a77a4e913ae759a7e6ebfbe0b38ec4fb494ce1caa67f722893eb804e36a
spell_v8_verdant_09,card-art/spell_v8_verdant_09.webp,19948,df2046c4554824314fa66c0623c3b2ab2e3273a7a19d829006d1571677e6a018
spell_v8_verdant_10,card-art/spell_v8_verdant_10.webp,19096,017dd8a7a2c215eff134a8eb689a9d4a5b47d80220b82e7e536707d2a4518b38
spell_v8_void_01,card-art/spell_v8_void_01.webp,22862,d9778daa06d6b8ebf060347377748844a951299ff1f50ce3006e692d43cc94f7
spell_v8_void_02,card-art/spell_v8_void_02.webp,14108,4c4f07ad5fa39aba2823da79bc5b841080af1f195ad880b422119d165ef2833c
spell_v8_void_03,card-art/spell_v8_void_03.webp,18640,05a53b21a32c41bc967ca8a5210cb6b0c572413edd7a321c60e22267363471ac
spell_v8_void_04,card-art/spell_v8_void_04.webp,16718,05f259798a2bdcd3c8410b13ec20041ff2e50ee8c12bdf6975c33f64b143bcf0
spell_v8_void_05,card-art/spell_v8_void_05.webp,14004,856e78b081d3dd28463b2e79d4e506fe62a7c89c0ba09e8c63150a3d6b6fb015
spell_v8_void_06,card-art/spell_v8_void_06.webp,19924,7a8414389625156ed7619d843fff7ae49d74be6d17c5b6f3a77810e326c2b433
spell_v8_void_07,card-art/spell_v8_void_07.webp,19900,767e9a38c617f06eb1514d87b4cd940144f370c5c3c7602b3f925aa36cdbc298
spell_v8_void_08,card-art/spell_v8_void_08.webp,15178,264b6435401a0568347a12d3db26a727df2591413eeff95e63a0255534032bff
spell_v8_void_09,card-art/spell_v8_void_09.webp,17708,0c22df05fdcff6f35cc709c4b5fcd3308e25f8f76aab3b3ec04b85a50abc515e
spell_v8_void_10,card-art/spell_v8_void_10.webp,18558,13b604f9b3d5dcc06ab7191f2768f0be36cc58d1bf95e6618efb5362212a76bb
spell_v8_neutral_01,card-art/spell_v8_neutral_01.webp,14286,b947f2208f0aeaa98023430e8def2545bf7fc5296833084c36e1b4eace5fc627
spell_v8_neutral_02,card-art/spell_v8_neutral_02.webp,14194,968800df062f2af90a0be95f48c7feee3f1be3d67197aa62ec59fa511b60612c
spell_v8_neutral_03,card-art/spell_v8_neutral_03.webp,14080,dd9b5a9becb93175fed81a518c9c471945b1c7ceb009cf81fd5ab4fd502bf141
spell_v8_neutral_04,card-art/spell_v8_neutral_04.webp,13974,453dc0adfa881a41847efd7392b35d34e1bc97570594efb4460dc5abeadcae92
spell_v8_neutral_05,card-art/spell_v8_neutral_05.webp,15982,fc28fc6084412b791900ce77b795be028aae6ad4ff430845479b42287bfca91a
spell_v8_neutral_06,card-art/spell_v8_neutral_06.webp,13878,f1df444c25ddd42f8e343dece981faecb6cbb60281f174b878197b91809d159a
spell_v8_neutral_07,card-art/spell_v8_neutral_07.webp,14312,5021418b855b8185e28b3b66edd701916ff1affee6c02cd2cbf2807171d510cb
spell_v8_neutral_08,card-art/spell_v8_neutral_08.webp,14282,f72e57ead35679d9fd198430b5643598ebe03dafe211066d76ffe7513aef8c84
spell_v8_neutral_09,card-art/spell_v8_neutral_09.webp,14532,998ca0189f4abe4e00bf996d66e25479391f3fb8fb1253521fbb77b11b48f543
spell_v8_neutral_10,card-art/spell_v8_neutral_10.webp,17812,53605eae7fe345664e4f66f56f93f94da13fbb95136e23efc09503f91bde4718
trap_v8_solar_01,card-art/trap_v8_solar_01.webp,16330,11b33db04db05c071bd7633c6fcbc31c41d16e3c3b134ece36ce1c059398dedf
trap_v8_solar_02,card-art/trap_v8_solar_02.webp,16774,66295ff99f337722c5a9b9acfd6129c81042cf225caca1cfe03b7667f8b00912
trap_v8_solar_03,card-art/trap_v8_solar_03.webp,14892,43173dbf30d148b3bb3e68886ccdd1993a44e2b06e5080dafed097f39654f6f3
trap_v8_solar_04,card-art/trap_v8_solar_04.webp,15786,799e6862c73cdf742a93fbe0dbd3888e14584b6312539585f6b7d1b5b3a9ad49
trap_v8_solar_05,card-art/trap_v8_solar_05.webp,13710,afbe2d2611f17bbd194bd91c6d853621e500588650b115303acfa50041fbecf7
trap_v8_solar_06,card-art/trap_v8_solar_06.webp,16750,2ab33f730aaaf19646bda4c2c915e083dae296753068da8d1efbefe2a0bd3bb4
trap_v8_solar_07,card-art/trap_v8_solar_07.webp,19258,571769264758a31e054407452dd9e4a1f3cc4a870e830484cc43f87a36f13b59
trap_v8_solar_08,card-art/trap_v8_solar_08.webp,17356,d7ab8e16b7814d097805a9d123667d07ea3693b95496bfd1556f4735efda7d61
trap_v8_lunar_01,card-art/trap_v8_lunar_01.webp,17888,5d44cc48fbf7985c2a5b54e3c8334e93ca14231f6eafbf1cae6435f19674d811
trap_v8_lunar_02,card-art/trap_v8_lunar_02.webp,12760,ef95e6f03f2efc5a15d344783af8b88c2695dd3d084a20d708e1f0f304364d19
trap_v8_lunar_03,card-art/trap_v8_lunar_03.webp,13978,10c5ced566b6bbb8b4ebd5e0154f508bda4b4b3bba4d8844cdf940f138d4e2ec
trap_v8_lunar_04,card-art/trap_v8_lunar_04.webp,14216,79369491410e2023570af690e3a21b37fa046f2e601e5cd2081bb78425f86648
trap_v8_lunar_05,card-art/trap_v8_lunar_05.webp,13266,ea4a94988713051d891d14192b2cf0e7fe7c243fab5ef32e4cbd6f55dc2ba7cb
trap_v8_lunar_06,card-art/trap_v8_lunar_06.webp,14432,c819f01c9e21a29b390feeb5b738e6ac3b70602bc70918e57a35494782dccc76
trap_v8_lunar_07,card-art/trap_v8_lunar_07.webp,14160,207ef7b9bfb6738b8102f4c845060a7c754ff58d6acf39262ca0dcc2c4e2a83b
trap_v8_lunar_08,card-art/trap_v8_lunar_08.webp,12834,337d4f94e7c457a4f9807a7d91f73ddf077293ceb2a58f106884c42fe105e967
trap_v8_storm_01,card-art/trap_v8_storm_01.webp,16234,0b1ca95505419723da482d92929a2da6feedab6321fc9d01c375582b023d243a
trap_v8_storm_02,card-art/trap_v8_storm_02.webp,16044,5543c6c8f7b2dc87705b6477247ff080f8b9035c8b504e9309eb4f4dbe921eec
trap_v8_storm_03,card-art/trap_v8_storm_03.webp,16568,728b4fc0035a5a40da287682edeb01260740563934f5771d9f12a95ac5041da1
trap_v8_storm_04,card-art/trap_v8_storm_04.webp,17572,bf0fa60a1283740139f997e6b258eb22e118bb7863af951cec2e1fba91dc4d38
trap_v8_storm_05,card-art/trap_v8_storm_05.webp,15510,1e0ae631a2bd436e1ce556b1c157e3f0db4cfa8dd28b92dc520cad2730159de6
trap_v8_storm_06,card-art/trap_v8_storm_06.webp,13480,75db71c20f6f8c3a287dee8c888fc4b67ae6626741e79cf7320514d410768be6
trap_v8_storm_07,card-art/trap_v8_storm_07.webp,18022,2f2165296a8c8afd99f047796eb7199fb7803e46aac95d9ce05e1ac27048d906
trap_v8_storm_08,card-art/trap_v8_storm_08.webp,16076,1e596eee0f524f9ab37a468f73ea1ad2630966e6f02c7e097bac8fe8917b577f
trap_v8_verdant_01,card-art/trap_v8_verdant_01.webp,14230,ddbc1a5a50bd2770542da284f56b40b64f5df539cdd3622867395be1f2c6589a
trap_v8_verdant_02,card-art/trap_v8_verdant_02.webp,13704,3b34f32f72ec05649896665717ee594be1ece9bd57c3f3c148ce9fee6ca28916
trap_v8_verdant_03,card-art/trap_v8_verdant_03.webp,16596,8cf7078b6232453904dcd69cac68cc0c114f07e36f3ce3533ef71a27222b0332
trap_v8_verdant_04,card-art/trap_v8_verdant_04.webp,14146,0c0c5cbbb6bdf0aaf645e80e06df13513047727d46f3ba61102cd6d51775859b
trap_v8_verdant_05,card-art/trap_v8_verdant_05.webp,15242,efec9bb5d503cc5df2a3c8e16fe16c38e38fdfada84e608e58bfd6f4ea597c20
trap_v8_verdant_06,card-art/trap_v8_verdant_06.webp,14450,a165a065a910bc65214a05709385274bbacf712ef99aef0bb1e7d0a176fc7b9e
trap_v8_verdant_07,card-art/trap_v8_verdant_07.webp,14898,c621f89200f535eac06194394fa2abb6114fa600623b001f5e2ab76c755a454a
trap_v8_verdant_08,card-art/trap_v8_verdant_08.webp,15176,52cb023f146cc19ec25b8d8c12b97302cbd1899cebdf7797ac900f5fd693ec26
trap_v8_void_01,card-art/trap_v8_void_01.webp,15632,0372f6565eb8a2012196e5ba6b591a6b4476cdb89acde1148c7799fb0b930d28
trap_v8_void_02,card-art/trap_v8_void_02.webp,15278,0f04216f0053bd34db46b48861e3367f9c559624e97fcd7eb72c7df480149780
trap_v8_void_03,card-art/trap_v8_void_03.webp,13350,498397807ac0efedcfda1f4e6f9bf380b86c702b153436d8334f50fbf29151b8
trap_v8_void_04,card-art/trap_v8_void_04.webp,12970,4e25e59bbd149bbf7c12d1cc81df5c5abc63494acd7dc86b76b79c806f586900
trap_v8_void_05,card-art/trap_v8_void_05.webp,15164,4bd34b45db64b640e978a889448dec8e8e9504392830a987ecaf017c28aba62d
trap_v8_void_06,card-art/trap_v8_void_06.webp,14128,412bf30200edf5596f6be9dcbdf6cff68feb00e099f85b7a92a9ede8160e3c4e
trap_v8_void_07,card-art/trap_v8_void_07.webp,13424,0916dd5a7c1c230e749276d94f1ce0c06232ee74b6d57728818f717633a3afab
trap_v8_void_08,card-art/trap_v8_void_08.webp,12334,b48484f176f2f8de8697de51f88050883a9d093ef1eaa1cc168b90c4a6956a92
trap_v8_neutral_01,card-art/trap_v8_neutral_01.webp,13236,d5ed025aa9149fb780e022226cba4bfacbdf124ddaf962e98cce8cb8291e5354
trap_v8_neutral_02,card-art/trap_v8_neutral_02.webp,13738,751f0c674947b4c5491c89059118dff69c10af5240f59fd997ea8fee21696e06
trap_v8_neutral_03,card-art/trap_v8_neutral_03.webp,13378,982c1d742e4e5a66dc698a0315a5e1491f56d3d6ea6db32e13d85e033b0b58f8
trap_v8_neutral_04,card-art/trap_v8_neutral_04.webp,13868,00bed13098acbc48a9ad0375140d58d523d2c2a99b8b82b6677dd3c27161f4b2
trap_v8_neutral_05,card-art/trap_v8_neutral_05.webp,14304,796487ca87d767e3d4da05a779218fa431d80ca686ee183ec94fb7f1662438bf
trap_v8_neutral_06,card-art/trap_v8_neutral_06.webp,16914,12f1118c31b0b531ba5ec7d1e2a85f24623182625f4a9ebc72dceffeaacd8bde
trap_v8_neutral_07,card-art/trap_v8_neutral_07.webp,14734,34e2fb53486cd0b2ebbba25cd92223e0ee720b92e38ea57c9fac62d7f37582a6
trap_v8_neutral_08,card-art/trap_v8_neutral_08.webp,14000,c11f759cf6657435192833ec4dba313606d99101e8fb07a05bbf8f9a18033115
fusion_v8_01,card-art/fusion_v8_01.webp,25090,ca0728656bbba6aafa89804cf883e786737e1e268cc843659407eae8fd8ec5fc
fusion_v8_02,card-art/fusion_v8_02.webp,24298,69005b818a93d3239310ca587549553358b73ab5e9b62132a131ad50fec8007d
fusion_v8_03,card-art/fusion_v8_03.webp,21974,7fdb36497f3ab3e320e0b3f642ee5f6fb22b49ba80faafe36012c3c386050fee
fusion_v8_04,card-art/fusion_v8_04.webp,23276,51561417bd91bd2462e16007667ab13fb3d3fd80347107850343a064527cab50
fusion_v8_05,card-art/fusion_v8_05.webp,22028,012c0f6cb6a5c9ad6ab5c4314b492e55d0e66ca3dd750da0e171245f7a5f760e
fusion_v8_06,card-art/fusion_v8_06.webp,23882,249faf293164eccd0d6a24898df9a2fd3c025b5532aab6016945cc4cf38609e2
fusion_v8_07,card-art/fusion_v8_07.webp,10254,185a50c43ed8f14291e70ffe02cfb84fce4fecb9f5bf7b7d03e279ad9161d551
fusion_v8_08,card-art/fusion_v8_08.webp,21768,1890982e6ff3cfe9e762474b1c378ce026eb65ebf2944b8159e648e32209d225
fusion_v8_09,card-art/fusion_v8_09.webp,22086,2f7eae8af01cccd9bad14b9249389c07dc763cfcd1ccd1513d870546400f83e8
fusion_v8_10,card-art/fusion_v8_10.webp,21966,5936828b507dd3890cbd1f07d57eb177d4f00a0d4621ba59fcd1f334146cd201
fusion_v8_11,card-art/fusion_v8_11.webp,20434,108a965eaba94e932c6952600305d9e9f93ade4ebb31f49840691494d54f6373
fusion_v8_12,card-art/fusion_v8_12.webp,21956,f500ab23e2f83edcb6dd662e22237ef3fd3334e4e7e0208286431ff7f8cc6de2
fusion_v8_13,card-art/fusion_v8_13.webp,7464,9fadec38fef8533c98e9cf3f0fb1c191b56a6a40a3d5c88cbcfd106dd744887c
fusion_v8_14,card-art/fusion_v8_14.webp,10084,b3bee102475b8f6b41cc0172b40017ce5ac52552078aa7fa7deb53d9ba70d02e
fusion_v8_15,card-art/fusion_v8_15.webp,22484,c157fdb0ddeb33def243882877d9ee632c5cde3aa82d06fc96bc86248ceb114e
fusion_v8_16,card-art/fusion_v8_16.webp,23248,a0ed0dd9083ffd95adc4a100b5e755e625bed491b3389944a2a2df776898ab56
fusion_v8_17,card-art/fusion_v8_17.webp,7368,1fba02dffc3589d5d6feb98af1e33507e2bb29976f1feccd2e215903621e7be6
fusion_v8_18,card-art/fusion_v8_18.webp,26882,79d7b0bdacbafac0aaddb2c7ce5f13a6be1f33a6248ef3c01fb28944d8843fd4
fusion_v8_19,card-art/fusion_v8_19.webp,23880,5b79654e179fa7a4a57a6e8c729dc73d6e65bb426e4ed8b75211df5128303726
fusion_v8_20,card-art/fusion_v8_20.webp,19576,d8b2a207eafde3cb50c10e231c86d957a2a59378c3f184210d8f0ae2d793d352
evolution_v8_01,card-art/evolution_v8_01.webp,10574,b883d5f0e7a4de0626084e26033b404d79c833dee77e3829bc3734bb2dd70c81
evolution_v8_02,card-art/evolution_v8_02.webp,8272,bb50338aee0aa6549fa05cafbdd33b1b6db9daecc2d916ca1c530e95bb2e8c7a
evolution_v8_03,card-art/evolution_v8_03.webp,26866,fdd526ccd41d258589595908bd5546e7a8720f77eb7c279ffef150498565323a
evolution_v8_04,card-art/evolution_v8_04.webp,27800,3567c3bc100ee91af4984d82e1c8afc4196d19f88d1676f032c414d47fee9b4a
evolution_v8_05,card-art/evolution_v8_05.webp,20770,660f75a8053422763e4ce7095b3120346efe795a2ac4117ce0f2133e21134925
evolution_v8_06,card-art/evolution_v8_06.webp,22000,f06442db300d54e7519d18f11f8fe920d05c1496511682b2c90e2a3e45a1ac87
evolution_v8_07,card-art/evolution_v8_07.webp,10462,f9b91f95e68513a9915c69d4e9363b1f86767e8bf31748039afc56e43c95568f
evolution_v8_08,card-art/evolution_v8_08.webp,23222,953a716194d30fbe283c21319d663704d081c5064e328d960e0d3ad7f6a2e865
evolution_v8_09,card-art/evolution_v8_09.webp,21880,1458e298062a86f0fe91aac5e7d16085b67133c2bfb4853e9efffa29bd6c60f0
evolution_v8_10,card-art/evolution_v8_10.webp,23192,dd2f19cc87009248d4d47d8efc8dd8e9c003874977e10d7bad97650db08215b0
evolution_v8_11,card-art/evolution_v8_11.webp,21616,eb83907b95c6c2ab9172c41593f32da7d6d77f77f50dd701eda280651774dfb6
evolution_v8_12,card-art/evolution_v8_12.webp,7254,879f8ef5d49c179a244d17dfed6bff5e726d911d3d2bea330f3792f2fec02c36
evolution_v8_13,card-art/evolution_v8_13.webp,10060,21a91275b18e2eebbccfb7894fe60eea7c84fd789ce42c63c5e7e886bff7b7f3
evolution_v8_14,card-art/evolution_v8_14.webp,7262,87f47d659339fa565a29d373214729696d47df5097eccaf33cbdb71595d26868
evolution_v8_15,card-art/evolution_v8_15.webp,23182,2e0349ced44ff1f6627513f4d8abc07bf763d0edf8096feb0bb346664e680884
evolution_v8_16,card-art/evolution_v8_16.webp,7346,678486478b907182c02f318f0631d8374e5dc43c2787da99be3cba6784abd36d
evolution_v8_17,card-art/evolution_v8_17.webp,7108,cdd83c86d9fbdc9353570581932b169f05e0cc6d2693c5b2d78a3ec6e7358c28
evolution_v8_18,card-art/evolution_v8_18.webp,23900,df2ba0a6a4198dd79352950fd7a663fe526265dad469b94b857a0d9d88da68d8
evolution_v8_19,card-art/evolution_v8_19.webp,10502,73ef73d315d01e0ebd0acda9021e0b8f8cf282a60035c4f94433645ff6e03d6e
evolution_v8_20,card-art/evolution_v8_20.webp,7504,864ac9d054c1f56d96d3981b5fb3004e614bdd3ac5809aa3287686146a1e40d3
v26_chronorium_unit_01,card-art/v26_chronorium_unit_01.webp,14672,2b2992994a4e52dd7a440d9b3add71d900f0514b2c0f52ab52e2c8ce7f7595d8
v26_chronorium_unit_02,card-art/v26_chronorium_unit_02.webp,10612,e0b09cd9198d99148a35591d397fd59c9b90ce2c41d7a6b0947ed711c4a2c2cf
v26_chronorium_unit_03,card-art/v26_chronorium_unit_03.webp,11788,fad43cbfd8ef02b17a8580442463497ade536463c0934c07c5c954d9c4282b69
v26_chronorium_unit_04,card-art/v26_chronorium_unit_04.webp,13370,3588bf154c7b177d8fd9b16d266f1f3b876ec63804f35d389fba2890051e6165
v26_chronorium_unit_05,card-art/v26_chronorium_unit_05.webp,11598,4bc686174f740fe3e9c614660e1cd4a837cdbdc4ff75b3d019995e3eaeff8ef0
v26_chronorium_unit_06,card-art/v26_chronorium_unit_06.webp,18628,8b4c0786a6365bf8a66a26116094383df09303a02b43194f9a70ddce2345f4da
v26_chronorium_unit_07,card-art/v26_chronorium_unit_07.webp,11674,ecd548bd48ad90910bae6cab2a3912df99ef16e7b0169c492517d62de663227f
v26_chronorium_unit_08,card-art/v26_chronorium_unit_08.webp,10870,0a1f87f030b392d91853fd60298bc983ba11851eb0fabff05a33234064ec175e
v26_chronorium_unit_09,card-art/v26_chronorium_unit_09.webp,12718,fdc33f04dc504bbf70e593ee1f51f5d517df7e876b9b7dc7bf2042ba28cf8837
v26_chronorium_unit_10,card-art/v26_chronorium_unit_10.webp,15600,f5b9a85ac007748b790fe29069c1d6ae42ea71131ad56332b53a340f96e7a48a
v26_chronorium_unit_11,card-art/v26_chronorium_unit_11.webp,12812,f09f8b38ac5c57a8752d0c3fe53c737e88fd52ca5f3e601f4aa1d674d76c3ad4
v26_chronorium_unit_12,card-art/v26_chronorium_unit_12.webp,13970,ac5cb85222fdfcd37472d2cade233d645054980f6e4453d9f21655d374a26582
v26_chronorium_unit_13,card-art/v26_chronorium_unit_13.webp,9292,15f54ca48a3558853e06f7fa182fdb8f71475466d059f5f203775c63c24d1c3d
v26_chronorium_unit_14,card-art/v26_chronorium_unit_14.webp,10346,603625f8d7a3182b6556aff688817b6588e84480d2bbdab943806025c1108f6e
v26_chronorium_unit_15,card-art/v26_chronorium_unit_15.webp,11130,961cd632bbc66a23afba66620bdd558580021908d4971e2ec000f7fe6fe7de8f
v26_chronorium_unit_16,card-art/v26_chronorium_unit_16.webp,10718,97a51ff693e64cd8a426ff7be374364029da500d24b204b3b5e5289739f7dd62
v26_chronorium_unit_17,card-art/v26_chronorium_unit_17.webp,9946,77e3b10e21144a6ecde7936966a4007883921bac10cd5455ef5aba6aac66bf2c
v26_chronorium_unit_18,card-art/v26_chronorium_unit_18.webp,11332,cfafc66544d5b419a8791850021d076fa512d3feed4c3fdcad7988e4498c1164
v26_chronorium_unit_19,card-art/v26_chronorium_unit_19.webp,13784,164168aaf55c858b86ac60c3dc0ef490868cf4d4ac0878517dbff827bc493546
v26_chronorium_unit_20,card-art/v26_chronorium_unit_20.webp,11108,be3f04aa0cb95ac470f5146dd800282e0519b83bcd3bfa29873353776f9caec0
v26_chronorium_unit_21,card-art/v26_chronorium_unit_21.webp,11440,a0d922388013a07c406a360ccf65f112e0f6dc8a707fa18bc55a62505ad2743b
v26_chronorium_unit_22,card-art/v26_chronorium_unit_22.webp,11870,0bfefe0c3bdd04ab453fdb63f67a9b87483da419c4891dd5224a533e516f3b15
v26_chronorium_spell_01,card-art/v26_chronorium_spell_01.webp,17146,6904450da56183a967637ed4c5778d306c35c68781e9c33484bbfd0e46b62fe3
v26_chronorium_spell_02,card-art/v26_chronorium_spell_02.webp,21804,28097e6510204911f82b89f20b5e0153b83fab9f2ea78405225ac90faff8c529
v26_chronorium_spell_03,card-art/v26_chronorium_spell_03.webp,19564,073230f6c13353300cabe56a7ff3cbaf6b521e01dc6e3ddca3fa436e6b3f799d
v26_chronorium_spell_04,card-art/v26_chronorium_spell_04.webp,22226,b5ed3ad3db7096bb795a0d466509caf2459c048cbdac9eb1530cddfafba2f00c
v26_chronorium_spell_05,card-art/v26_chronorium_spell_05.webp,20132,472346ca378dfeeca2191d1de59957329dad6062f77b13cb31a11a2a3b234600
v26_chronorium_spell_06,card-art/v26_chronorium_spell_06.webp,22064,892167a836f1a29788991cba38fb1889bd2d9a3e90d72ddbb1837e1d27013803
v26_chronorium_spell_07,card-art/v26_chronorium_spell_07.webp,16556,2d4dbd0058975b77bbdf44d9dcfa968ab6e28bd93041d86d63cb1e40f81e5418
v26_chronorium_spell_08,card-art/v26_chronorium_spell_08.webp,25564,99ebc0a1a7339d1a5281b29e8c4f5ca36456ac57ba1ffc7f544c69f4ac061bd7
v26_chronorium_trap_01,card-art/v26_chronorium_trap_01.webp,14478,a9bfe008ae4aa783068a3807bd23afbcdfb15485865765addffa27fc192da4eb
v26_chronorium_trap_02,card-art/v26_chronorium_trap_02.webp,18014,2c5e3056edfbe23dd385bc729f4d63a8e234a193f7a9ff68d787b24841714188
v26_chronorium_trap_03,card-art/v26_chronorium_trap_03.webp,16102,fa80aab611b192b56ddfed6335ab86cb0ba05751b1f5e46e6762614893c002d2
v26_chronorium_trap_04,card-art/v26_chronorium_trap_04.webp,19894,e6e3a22a0132de67a9b08b13f213654caaf6af06d61fcc7ebc19971e356f3f71
v26_chronorium_trap_05,card-art/v26_chronorium_trap_05.webp,14462,ab76d7560436d87ddeb6ac250c62f194ac516a9dcfed23976346f823766f053d
v26_chronorium_trap_06,card-art/v26_chronorium_trap_06.webp,15090,bfb3c21460ead65e84ce120b4a26b4879c1cfa4c1db10baca3ff35f507598193
v26_chronorium_fusion_01,card-art/v26_chronorium_fusion_01.webp,21618,7b3af6cd07ab98f27022d4385fd6d2b92b538093246e8f6a7ab1cbc162db8561
v26_chronorium_fusion_02,card-art/v26_chronorium_fusion_02.webp,19044,dd7bc158e54627423e623dd2b5fbff1ab27096cf670d736fc719b87ac76e593e
v26_chronorium_evolution_01,card-art/v26_chronorium_evolution_01.webp,22432,63e4db15c939ffe30036e516423bf05839ebf4b0638066cd19d568c6f9f8cab9
v26_chronorium_evolution_02,card-art/v26_chronorium_evolution_02.webp,25866,e34eebae673dab6037769588e829824e3085c048d73d505e6383bccb25570f8d
v26_arcana_protocol_unit_01,card-art/v26_arcana_protocol_unit_01.webp,13554,db466b3440b35604c266464c0474b6a619c602a26ac8e17ca4a84b0ef2a8b096
v26_arcana_protocol_unit_02,card-art/v26_arcana_protocol_unit_02.webp,13714,6f0a1c938480f60f85a77791629dc99794dfac34c4c4b0daaa01b25f6392ac91
v26_arcana_protocol_unit_03,card-art/v26_arcana_protocol_unit_03.webp,13796,45a7237d2a18048ac75f4d372bf1e36bbb7249c419cc668f39fdfbfa0fd34576
v26_arcana_protocol_unit_04,card-art/v26_arcana_protocol_unit_04.webp,12488,c96a0c6cb44adb6c2b0547aeba85020cdce007be5c00f7f6fabc126abc4d7178
v26_arcana_protocol_unit_05,card-art/v26_arcana_protocol_unit_05.webp,15032,a552c2f8098394cfb20bc01eb1bfde8fe7e6dc45202f7cab876468ae81f084c4
v26_arcana_protocol_unit_06,card-art/v26_arcana_protocol_unit_06.webp,12628,081cebaabd5b941f2a84c8157066f0be49bffbdbed70889585bb8530c01eaf16
v26_arcana_protocol_unit_07,card-art/v26_arcana_protocol_unit_07.webp,16080,d74eb8faa4d7fbabce6ae0a20346ece70e839cfa45ac413d511622e152bcc078
v26_arcana_protocol_unit_08,card-art/v26_arcana_protocol_unit_08.webp,13980,928d4b10b6f4090ec4c8201b249e056d6aa44f7f60f616444de7d183e809cc1b
v26_arcana_protocol_unit_09,card-art/v26_arcana_protocol_unit_09.webp,16666,defe6e657c5110b58bfacda5a0cb16dd82b53d19fe39bf813b1d9e971c8c72f0
v26_arcana_protocol_unit_10,card-art/v26_arcana_protocol_unit_10.webp,15306,4313a07b1c2fca8c0a84905a275cee9f62b4db87bcdfce486a968fa3a34782aa
v26_arcana_protocol_unit_11,card-art/v26_arcana_protocol_unit_11.webp,16260,bedb7a8632686a019c3b5c73ba42495239fe696c8dd13a466beb71f8b95aeb7a
v26_arcana_protocol_unit_12,card-art/v26_arcana_protocol_unit_12.webp,12886,c71ad2d61b35fd23a6a507feda85ffbaacb0544085e77c470b337d0b2d116423
v26_arcana_protocol_unit_13,card-art/v26_arcana_protocol_unit_13.webp,13640,7353745bbfe34eb7f2a5d08eb3d725cb2d247b31062dbb857a998a4972d8cf3a
v26_arcana_protocol_unit_14,card-art/v26_arcana_protocol_unit_14.webp,12960,dae0cac71c62110e60752a90312d1138d6e36ec267287835eab8ac52096f0270
v26_arcana_protocol_unit_15,card-art/v26_arcana_protocol_unit_15.webp,12892,c2e2ec2b001f17673129f92ab641d07c0d10b5a62134598275679223740f543a
v26_arcana_protocol_unit_16,card-art/v26_arcana_protocol_unit_16.webp,13260,25943f59119f52ddef97c90e36d5309c04424980880158be40c3f2755fdde0c8
v26_arcana_protocol_unit_17,card-art/v26_arcana_protocol_unit_17.webp,14182,955cfe23dc01413bc79aeb10d0e87ae368058e93ef395e87d3e7afca343d21d5
v26_arcana_protocol_unit_18,card-art/v26_arcana_protocol_unit_18.webp,16080,d403f2ad99353668d4f1df55ac13341fe43400f6d2eac305e001d2c63fc7ddf2
v26_arcana_protocol_unit_19,card-art/v26_arcana_protocol_unit_19.webp,12586,5a0cf9b44cc3c22b4fd5898a77031bff34e27cf83ebc9a01f43bced0c0d12e98
v26_arcana_protocol_unit_20,card-art/v26_arcana_protocol_unit_20.webp,15866,52f51f9fce6d0bc68ae4064623de37de7e37d8386921ef7c0dbbb5b337a627ff
v26_arcana_protocol_unit_21,card-art/v26_arcana_protocol_unit_21.webp,17816,2ea698fef036513e4903a8b3b23f887a5607a7d9345bc05b8cfe5a9d04c95041
v26_arcana_protocol_unit_22,card-art/v26_arcana_protocol_unit_22.webp,14054,a3e5a90346f0204bba0fb7c3315f3eb1871f08462ad9c771d7ef7d9923ac666b
v26_arcana_protocol_spell_01,card-art/v26_arcana_protocol_spell_01.webp,19724,76f94639542253b0ddcbedb32b467ceff41c037127688138bba39f835f9028b2
v26_arcana_protocol_spell_02,card-art/v26_arcana_protocol_spell_02.webp,21660,496871826dd31973f40f5b4300496c08460898015d397c685187676381dd26db
v26_arcana_protocol_spell_03,card-art/v26_arcana_protocol_spell_03.webp,19030,41b84798d692b360a2720931f6cc4354846e3c6b3486bb7fe8b7bf565fa03827
v26_arcana_protocol_spell_04,card-art/v26_arcana_protocol_spell_04.webp,22416,c3889aac9f5e7cccc84ddc00d131be400fab033d061641e0412e4771fb40d98e
v26_arcana_protocol_spell_05,card-art/v26_arcana_protocol_spell_05.webp,21772,f287c522d706dc421bffbddd04c8fc05d36cd0460c0b9eed384f0708506c3c7e
v26_arcana_protocol_spell_06,card-art/v26_arcana_protocol_spell_06.webp,21822,e0d8cc8dde519bc08890cda1e8a6e3cf882b5af098648c4b38320dc852394c17
v26_arcana_protocol_spell_07,card-art/v26_arcana_protocol_spell_07.webp,17890,635dd38bb0cdec9e36bfe8fa9a5e5fae55698d8f444275a7180828cded1cba66
v26_arcana_protocol_spell_08,card-art/v26_arcana_protocol_spell_08.webp,21126,df92932ce6a3902df6667a78a5efec82987228551d857dc1e1628a6e663f391a
v26_arcana_protocol_trap_01,card-art/v26_arcana_protocol_trap_01.webp,15512,fe148c5333155617cb01a7655ff65c4adb4d68e93a93ae283e1ca092cf4bd7e0
v26_arcana_protocol_trap_02,card-art/v26_arcana_protocol_trap_02.webp,14346,5af6e2f5ed15c5df26924f792be9d6fa6f2025ace800caeef9268c15101f291e
v26_arcana_protocol_trap_03,card-art/v26_arcana_protocol_trap_03.webp,14710,df3b09fcb25cc5c6be73cf7a4fd3ee6e3d1594ace4f74142af831c3d3b27072b
v26_arcana_protocol_trap_04,card-art/v26_arcana_protocol_trap_04.webp,16534,891782f08bcd7ce16b78b9fea993697a78e08029a913cb1e1c2ce4f8895a72b0
v26_arcana_protocol_trap_05,card-art/v26_arcana_protocol_trap_05.webp,12266,9c96a2705c8438fcc0c4900b9c98cdff897072ef5807266a0c6e45631620db87
v26_arcana_protocol_trap_06,card-art/v26_arcana_protocol_trap_06.webp,14376,532d58f218849cad0a8500834f9089fdc1eb28827d4c23c7380ba54861ae8007
v26_arcana_protocol_fusion_01,card-art/v26_arcana_protocol_fusion_01.webp,23098,9ff4d49a7f7660477d6c800c62fd4bece3d6180a0ec888bcaa0e276dedf40c38
v26_arcana_protocol_fusion_02,card-art/v26_arcana_protocol_fusion_02.webp,18666,084decd09c5edc8eb343f700004919bc0ad311119890f5e7247ed2726a669b4f
v26_arcana_protocol_evolution_01,card-art/v26_arcana_protocol_evolution_01.webp,23008,2c690250470b9cf7a4c1fa7fdc39f339e0480b3ba066ada8738f797953cfa8d9
v26_arcana_protocol_evolution_02,card-art/v26_arcana_protocol_evolution_02.webp,24034,10b294bcd048984ace61543dedf1ee0d95bc680f8d0122d2d40c283cdc53231b
v26_beastforge_unit_01,card-art/v26_beastforge_unit_01.webp,12304,c9293b463601913909b4b6ccd61b5b2ec81ac1b6eaeaba022272f530b8a07124
v26_beastforge_unit_02,card-art/v26_beastforge_unit_02.webp,15236,284e4e0a0989562cd0648822ed8fe7761f691bbd9bdcbd7c0d40901dafc616d3
v26_beastforge_unit_03,card-art/v26_beastforge_unit_03.webp,14384,4a6e986de72c8d236a29ac7b3b8ba9c25b032b418b389c6ea83d9800dda55307
v26_beastforge_unit_04,card-art/v26_beastforge_unit_04.webp,14464,a084f88efc7f42b1123b2dc8499a6dcfc88213c15cad70b2107bbe70eb3a38da
v26_beastforge_unit_05,card-art/v26_beastforge_unit_05.webp,17170,c0bb522788fb5e09810362dd09bed78494fbe75321a6ecb310388b226817e3de
v26_beastforge_unit_06,card-art/v26_beastforge_unit_06.webp,16276,703d4d96c8914e9351e9eefd4df20e2d63818541b4adc57a3a13c96c803ac83c
v26_beastforge_unit_07,card-art/v26_beastforge_unit_07.webp,12160,3a1312b31ad4c0c858aae513482a23a3bb791cc79954280e80bb4de524c74e73
v26_beastforge_unit_08,card-art/v26_beastforge_unit_08.webp,13660,84bcc7d046f5233f56bd29be5f9e5b3353a8489186283a5c392f870c22aeb068
v26_beastforge_unit_09,card-art/v26_beastforge_unit_09.webp,15290,9fcef0c95555db1f703a06dc785dc4f6df1e3c6203b88dc08e2ad3e3d1ab108a
v26_beastforge_unit_10,card-art/v26_beastforge_unit_10.webp,14518,f6f065c3d1e869cc4b190c151fe97ed4992752401cd6d91cca7a1adf127d0275
v26_beastforge_unit_11,card-art/v26_beastforge_unit_11.webp,14940,773c49e8896d35b50c4ed11442355bc0f99bb41be931b392b687bffe55f9ee58
v26_beastforge_unit_12,card-art/v26_beastforge_unit_12.webp,13618,7456ff72dcf9fbe77e38b0af4e4d0876cf7a1e1a49330bcd39d554eebcd49dc8
v26_beastforge_unit_13,card-art/v26_beastforge_unit_13.webp,14208,c6d270fe21610109f96bba00bdb839d25189bcb39c6f20d64f37425601d27e8e
v26_beastforge_unit_14,card-art/v26_beastforge_unit_14.webp,14304,108134890bc2a004c79f84fbf9b63674582e9cc06e565c2207aea0fed32bf0b2
v26_beastforge_unit_15,card-art/v26_beastforge_unit_15.webp,17570,d26270772b2afbf966303cec1aeb285a97728eef925bae2c0124cc8bd589dd29
v26_beastforge_unit_16,card-art/v26_beastforge_unit_16.webp,16310,b6e2e61e09ca542854825f25e31e482b22c0f9d1f5e480b9d2047ac4c8519a2d
v26_beastforge_unit_17,card-art/v26_beastforge_unit_17.webp,20196,89a203083759c253d388cd0944806a96b20f3459847ba2dc6cd6510918000e68
v26_beastforge_unit_18,card-art/v26_beastforge_unit_18.webp,12690,9a2f7a29a73dbc057517a20716e5d94d51d0f795a21d033d45b4af2a1e263834
v26_beastforge_unit_19,card-art/v26_beastforge_unit_19.webp,13964,e056ac7551ee16217f0d5abb031f9298d3fe7440a392b6d99050ece7a9db774c
v26_beastforge_unit_20,card-art/v26_beastforge_unit_20.webp,13732,01a7556750c7b3a37f4d8a9eeb4c5bbed105cdd6ca7e0167fd0d701e06181779
v26_beastforge_unit_21,card-art/v26_beastforge_unit_21.webp,13728,0bc8f674f6c68fd7cd49ae783d95dcbb82cf30c30670b9912bd52aff4836834e
v26_beastforge_unit_22,card-art/v26_beastforge_unit_22.webp,15734,3d953c72491112d72335a2c602b9950102b597f36a7989969b600295c2a49463
v26_beastforge_spell_01,card-art/v26_beastforge_spell_01.webp,20382,a4b2c66e25082dd1c3bff3c574bddd647d19db174c93fffc27326521fe341786
v26_beastforge_spell_02,card-art/v26_beastforge_spell_02.webp,25866,2e9e1da7ad174d4f5ab274eb25d371f696ec4739fa0f7c5778a9f502d623ed65
v26_beastforge_spell_03,card-art/v26_beastforge_spell_03.webp,20086,460764b9a181cec6f109de997cd382bec8cbe8455ba53aab26a03ad961f1ccbd
v26_beastforge_spell_04,card-art/v26_beastforge_spell_04.webp,21554,ff9ebf3a34ecfc2f02c19c89724f6577473c8d95d7dce9d4168b152937eef480
v26_beastforge_spell_05,card-art/v26_beastforge_spell_05.webp,18558,06dd2c5a3b5c87fe04cb859d28f8c2489498735a2d3bf9d31f4911b54f6f3322
v26_beastforge_spell_06,card-art/v26_beastforge_spell_06.webp,19542,9bcf606610e96b8e04a3d1ef92286d3734710c2ffbe3afaa050de8a138c22945
v26_beastforge_spell_07,card-art/v26_beastforge_spell_07.webp,21930,3971bee4c24485430891235b9a154b4cc7e7b6880a294bab4c4fbb3248e56ad2
v26_beastforge_spell_08,card-art/v26_beastforge_spell_08.webp,27466,3b762d37f1a614242be5f40f8bfcd7f631a67a64cf7059e550fe93541420fefe
v26_beastforge_trap_01,card-art/v26_beastforge_trap_01.webp,13790,29438ca4a7881c6c949ed8c5c550c77a467a7983d9cc8a848e38b4ef3a8afa05
v26_beastforge_trap_02,card-art/v26_beastforge_trap_02.webp,12914,30af8a62755d49071ba0bc4e37b5ea178fcd252b4d415de967cac78f5ea9a222
v26_beastforge_trap_03,card-art/v26_beastforge_trap_03.webp,21898,18c48fc2ae4dcca0d7ef404804adfe1ecb7ac82c96ecd1d70e6308dca9a71650
v26_beastforge_trap_04,card-art/v26_beastforge_trap_04.webp,14906,84ec6f6f69384870338398353115cd83cb4c46d2b13a80e2570b180e896c6d03
v26_beastforge_trap_05,card-art/v26_beastforge_trap_05.webp,16270,a7f4b53b0f87f3ab06b3b7e9407ff57c9dc878db30f9fd88f7cae4e8997c4a9f
v26_beastforge_trap_06,card-art/v26_beastforge_trap_06.webp,15406,0049f3bab11b865df5de9cea928373b2a2728e8c3e695a2b27ec8c2a533e004e
v26_beastforge_fusion_01,card-art/v26_beastforge_fusion_01.webp,21538,3dbfb8c656aecf3ce322fd3fa5afcf9064629747d93138ab58940e0e95e93e04
v26_beastforge_fusion_02,card-art/v26_beastforge_fusion_02.webp,23098,7c63c76546710cc65e5c45eb0356e271c55fafbe93f6aac4c3275cb52bae8366
v26_beastforge_evolution_01,card-art/v26_beastforge_evolution_01.webp,22546,318db68db10255f548d97a2525fd4fa4658b904446f6a24be0e6cce6430efa7f
v26_beastforge_evolution_02,card-art/v26_beastforge_evolution_02.webp,19670,2c3d07ad2541c25a2c97ade0a9c7f12f3f67a5c4699b8b3525bbc04a7c283372
v26_phantom_carnival_unit_01,card-art/v26_phantom_carnival_unit_01.webp,12700,4448f2fc55f90d9f8c68bb1f10840a41bbc33bbceee223ae55c78ef4461e73a4
v26_phantom_carnival_unit_02,card-art/v26_phantom_carnival_unit_02.webp,12258,10e088026c2611a62bbf59b2cec10fe323e5fe10265414578e9fe7606530ba50
v26_phantom_carnival_unit_03,card-art/v26_phantom_carnival_unit_03.webp,14258,ab4826f4f530fda165e19dba4a038d15cf52a392aaeb8cc16797d1c7aea7b085
v26_phantom_carnival_unit_04,card-art/v26_phantom_carnival_unit_04.webp,14034,ad10feacd537301b89aa239f123a49e122def49fec7b8091c9b556ff38456c80
v26_phantom_carnival_unit_05,card-art/v26_phantom_carnival_unit_05.webp,17240,a7228aef1fc1a475ecb55dce8e8ad6f3679fe7bc25d4955ecf59604800e1096b
v26_phantom_carnival_unit_06,card-art/v26_phantom_carnival_unit_06.webp,11846,a407d32c33c494ae5245d9346c7bdf8ad3cdca8bd7f9517abb2203fd9063574e
v26_phantom_carnival_unit_07,card-art/v26_phantom_carnival_unit_07.webp,12798,ca371fa30fa4f8490ec9d6c0e9c609b0b95191e032a1bfa67804899b27851031
v26_phantom_carnival_unit_08,card-art/v26_phantom_carnival_unit_08.webp,10926,9c65dc0d38d822381ca73e89f008fec1d0c235460337dff6bbd37075da9cd28b
v26_phantom_carnival_unit_09,card-art/v26_phantom_carnival_unit_09.webp,14878,d8f7af9cd723fe90caba704ad80938073bcbce125879531c2a0853de1f483c23
v26_phantom_carnival_unit_10,card-art/v26_phantom_carnival_unit_10.webp,11288,64762422061ff23073d646a109abce854c1ce285a9ced719e6ad2e9c011f2b1e
v26_phantom_carnival_unit_11,card-art/v26_phantom_carnival_unit_11.webp,11342,b23b2b3b3bd6bdcdd6210b238aa2b05e45674394142838ac15b98043703cf2e2
v26_phantom_carnival_unit_12,card-art/v26_phantom_carnival_unit_12.webp,12394,f1ff4f178e9a2a7c121c9360dc115f96f12c6a557944590fb8c9636c5fcbf832
v26_phantom_carnival_unit_13,card-art/v26_phantom_carnival_unit_13.webp,12130,3bac3172adf79244ee219f5475c1b7459fed4ba9d72af546297090b06b11707a
v26_phantom_carnival_unit_14,card-art/v26_phantom_carnival_unit_14.webp,10918,1a05f42fc494e0a6c5ea296883db66543ef761352954584677dff6d7a6feee0e
v26_phantom_carnival_unit_15,card-art/v26_phantom_carnival_unit_15.webp,10294,6d76b7016ecaf2d708517286949c40d754e8ccaf86cd869c8bbaae3ed60f38ef
v26_phantom_carnival_unit_16,card-art/v26_phantom_carnival_unit_16.webp,11530,ee32e5209113d29b16431fd55fae23e3daa54cc0f048f1874666fc97e9968621
v26_phantom_carnival_unit_17,card-art/v26_phantom_carnival_unit_17.webp,11210,2cc5fe460953b71b9367c3248531dc9bf4ac421f9c6bd12c58455de317023c73
v26_phantom_carnival_unit_18,card-art/v26_phantom_carnival_unit_18.webp,12014,9c72c6d3df2b8984ee4469908101eb3990d1c0d4bce9e008fadc9283ab112133
v26_phantom_carnival_unit_19,card-art/v26_phantom_carnival_unit_19.webp,9826,14734b3fb6327ee625328290bf1a9a18cb39873ef5cc6466642cf2a7f7670d7b
v26_phantom_carnival_unit_20,card-art/v26_phantom_carnival_unit_20.webp,14298,4ebe523af5e3c41e2c9f6fe708efb26bf7692aedc10512e02742872895849872
v26_phantom_carnival_unit_21,card-art/v26_phantom_carnival_unit_21.webp,14590,1183ff9bcf18576d9e99077fdfc24b59cfd3cbe07f4397933ebc5e946058d36f
v26_phantom_carnival_unit_22,card-art/v26_phantom_carnival_unit_22.webp,12876,080132204fbe015b4d7135674a0185785f5cb824b8b1ac0dc267e0d3beef2702
v26_phantom_carnival_spell_01,card-art/v26_phantom_carnival_spell_01.webp,16038,84397ce2533163e1bb9610afdf121e5eb17bdccaf8124a5354f3d6bf17b29ccf
v26_phantom_carnival_spell_02,card-art/v26_phantom_carnival_spell_02.webp,14406,7440e88116945e9bb55e29c5ec69d754886eb2f8b3ca15bb18a9f2cd20e90f47
v26_phantom_carnival_spell_03,card-art/v26_phantom_carnival_spell_03.webp,14630,4463361fb745ed9702cc250b405d9c50e1a688a5cedc8ce1a17ab2a6c55c9b3e
v26_phantom_carnival_spell_04,card-art/v26_phantom_carnival_spell_04.webp,12642,e437a9370af4dfc16826957c98d4041d3f0cafc3dc21572023f88276afadef64
v26_phantom_carnival_spell_05,card-art/v26_phantom_carnival_spell_05.webp,15428,cd4219eeac68c42ae55d31a8c4b0aadf015e58db401d245b55563219f6950241
v26_phantom_carnival_spell_06,card-art/v26_phantom_carnival_spell_06.webp,13486,d0a1437d9d9297cb1974f3db5d5c18c6a8af209c155929836295520b8202f03e
v26_phantom_carnival_spell_07,card-art/v26_phantom_carnival_spell_07.webp,14872,6f16def391aa6f175bd82068a69eb203573e2968d99281bf5890e244f2271576
v26_phantom_carnival_spell_08,card-art/v26_phantom_carnival_spell_08.webp,21330,a47ee9d22b2e2cc01ae46a5c56b88d10f36aaf53bc323560b8c8864cb8ebc25a
v26_phantom_carnival_trap_01,card-art/v26_phantom_carnival_trap_01.webp,13474,7905e844627f0b702b81ac6bc6ab42f1adecf99121b9f0721dfddddf8b1c3e98
v26_phantom_carnival_trap_02,card-art/v26_phantom_carnival_trap_02.webp,12244,28fdf69527d8f4498cd5e152f1d1ca61631fc852925bf6ded6b920bd44ba9f94
v26_phantom_carnival_trap_03,card-art/v26_phantom_carnival_trap_03.webp,9544,fed1d18ac5f1e5c28a57e48a1f69dcb3261291966fc6561a76e1399e84cfc5ea
v26_phantom_carnival_trap_04,card-art/v26_phantom_carnival_trap_04.webp,10912,4bf5387564b07d26ce08025c8bf4294aa2850cccca2cbd9a74d856da15e4d09c
v26_phantom_carnival_trap_05,card-art/v26_phantom_carnival_trap_05.webp,14982,e967467ebfc7324cb96781978050569d0adbbcad668749d90f7dd6ba03be932b
v26_phantom_carnival_trap_06,card-art/v26_phantom_carnival_trap_06.webp,10880,bd5851575bd146da0cd43855013f5fb07e8a20becdfb4bbf9bb23b2f888cfcf2
v26_phantom_carnival_fusion_01,card-art/v26_phantom_carnival_fusion_01.webp,17768,7f005d6e0870fbbfe79df2d7b7d299634fe7e26a069ebbad6dec248e1bbbaec3
v26_phantom_carnival_fusion_02,card-art/v26_phantom_carnival_fusion_02.webp,18652,6cb20e23267073d41961a487bb89d26bec5c69b8dab6c84b278d6bf8fbd4c12e
v26_phantom_carnival_evolution_01,card-art/v26_phantom_carnival_evolution_01.webp,16622,2eaf3176a7253044aede276cfe1003755e07c1588f558607541086daa8bb08d6
v26_phantom_carnival_evolution_02,card-art/v26_phantom_carnival_evolution_02.webp,18814,229a486f7932dd5cbc354570d30cff601f19771a8a50924c0ae62dffc8055994
v26_astral_armada_unit_01,card-art/v26_astral_armada_unit_01.webp,16362,6a6318e3650f1420c0c9b7e8dd0454b13fe431a4059af68cc480eb5c22734b54
v26_astral_armada_unit_02,card-art/v26_astral_armada_unit_02.webp,13734,1beb2ededbb66e5910d7f1f7eb4ae0c0a0a86120a45919ef0eb8574572bd53aa
v26_astral_armada_unit_03,card-art/v26_astral_armada_unit_03.webp,14694,886d00f754046efdfb7f76c32ca6df580344ec4239bff3908d2ed13fd6388ef8
v26_astral_armada_unit_04,card-art/v26_astral_armada_unit_04.webp,16226,44bd5b6d5c8f524bc673ee5caabe6383f2f3155ab497750b31d05089dbfc80e5
v26_astral_armada_unit_05,card-art/v26_astral_armada_unit_05.webp,14656,053535a6c331143fdb19282161106eb9d818fb8e96279bd14e52f7f201646b8f
v26_astral_armada_unit_06,card-art/v26_astral_armada_unit_06.webp,16470,e9026c1c62640e60b54679d7bff487c22bddcf968d337015ad3125d9a9dd189e
v26_astral_armada_unit_07,card-art/v26_astral_armada_unit_07.webp,15834,40694222a3dc48279d0bd4528b79a99a534d4070590cb545c85e3ce5d661f23d
v26_astral_armada_unit_08,card-art/v26_astral_armada_unit_08.webp,13394,ea1af818f5c2c7ff691fac7e33d1ec9e9840887fa50b0aa7065a00296fd320c7
v26_astral_armada_unit_09,card-art/v26_astral_armada_unit_09.webp,14040,1ca239a4f98b7e1a794590ff504388c1e6582a34e76f6587ded2105d839c3648
v26_astral_armada_unit_10,card-art/v26_astral_armada_unit_10.webp,17080,3eade62ace4009481b5c85454cae525d26ef0b43ac51d519397222506c70be9d
v26_astral_armada_unit_11,card-art/v26_astral_armada_unit_11.webp,13568,58218a51727acb03cd5caa457a53de3209a0a31bf18bb93be2b2298447021035
v26_astral_armada_unit_12,card-art/v26_astral_armada_unit_12.webp,15756,0e81b9ae164fe8704429e3cedd829c567c11d26b3ebfa029c4af7b7f4be88e28
v26_astral_armada_unit_13,card-art/v26_astral_armada_unit_13.webp,14252,840e43ab428f0578472b6bac02917b73b2dfcd0cf00e7c25a01215b48846cd5a
v26_astral_armada_unit_14,card-art/v26_astral_armada_unit_14.webp,12910,8ab81b53c70f600a41da7a7e4f0f352e4c294d23d6018588b969ae2a2c5a6fa2
v26_astral_armada_unit_15,card-art/v26_astral_armada_unit_15.webp,12358,ee299f952e0cec4ba2b8f64bd698259103d2e616574cdae65332c7e8f3485a27
v26_astral_armada_unit_16,card-art/v26_astral_armada_unit_16.webp,15310,63759e9a61691faa2085f1cb6f70268d6f61e5454bb5dd20b8cbc625f7b33a82
v26_astral_armada_unit_17,card-art/v26_astral_armada_unit_17.webp,15060,ccfca138d6b6dd86984802075bcd52e11889301c6d0cda8b91fcb80359120596
v26_astral_armada_unit_18,card-art/v26_astral_armada_unit_18.webp,15138,a2ed85705308eb7fafa701d58781f452be0029a03e6fa92d4c8b025a16f3a1b1
v26_astral_armada_unit_19,card-art/v26_astral_armada_unit_19.webp,15170,b954a042bae838a4c3c83327cfa2ee8fdb6f44bd2d2396fdd324a4351c1f5b05
v26_astral_armada_unit_20,card-art/v26_astral_armada_unit_20.webp,18312,b4fd64bd2c97e688c4fdd0f5d9d662eaefd9e2bf61c16a86e15e65d85c14f5b1
v26_astral_armada_unit_21,card-art/v26_astral_armada_unit_21.webp,12092,6128ace334d9c86dc7bc8399a9080923153b8bf4970ff172e3df5322f5e221e2
v26_astral_armada_unit_22,card-art/v26_astral_armada_unit_22.webp,17478,a762b3510566dfae388b57ebbc175f69060eb3a351a21a24e4f3c26649cba904
v26_astral_armada_spell_01,card-art/v26_astral_armada_spell_01.webp,21958,cefb6cdcf017c48e5c5f767a26e7d43faef860cb5700a3311d6254b268ac2d0c
v26_astral_armada_spell_02,card-art/v26_astral_armada_spell_02.webp,21610,9f777cb7000131f9ddda2726fba51e33f6342461ae6fdf253686cf7ba19628b4
v26_astral_armada_spell_03,card-art/v26_astral_armada_spell_03.webp,23272,3e621ba765bbb21286dbafa47e8c0d07857fd08fc7fc84bdbe5e87a02601b21c
v26_astral_armada_spell_04,card-art/v26_astral_armada_spell_04.webp,22572,8e36bbb0818aeaab842ee1576d9bff4d565201165b321c679bbb54a0b107b60f
v26_astral_armada_spell_05,card-art/v26_astral_armada_spell_05.webp,14146,9d9a4866e3302eafb0bcb64326377f54b139e29c0176db2b8bc3e74218be5022
v26_astral_armada_spell_06,card-art/v26_astral_armada_spell_06.webp,22678,9ee9acc01da4c2b300992d370bcc2a3accaab3852397ca12ea8798374937b929
v26_astral_armada_spell_07,card-art/v26_astral_armada_spell_07.webp,19352,e3d866da1a817c51125fd4787817ac9ed9bb125c0296a2bed2be2759a395b669
v26_astral_armada_spell_08,card-art/v26_astral_armada_spell_08.webp,21668,86e7449c0722711674c6d7c8d722f9e903c128570d33cfe10db1b867235e5021
v26_astral_armada_trap_01,card-art/v26_astral_armada_trap_01.webp,13754,670977ff272d6bcd03e8d565b9d6c4c2c21d76e585c168945476295abbac3188
v26_astral_armada_trap_02,card-art/v26_astral_armada_trap_02.webp,15698,b8eccf0eb18eb95d37fc2a0552dda10bc0980f5678c4f06c9e53b248aa328e1c
v26_astral_armada_trap_03,card-art/v26_astral_armada_trap_03.webp,18760,d21875b761bbbb099f26841141c85cc5551035013758919550a59afe02348af1
v26_astral_armada_trap_04,card-art/v26_astral_armada_trap_04.webp,14104,ceff1401328c8d3d1dbb5bcb173f6aaa9e0ba05043648afdfd1d2c05d7810150
v26_astral_armada_trap_05,card-art/v26_astral_armada_trap_05.webp,14366,6e4fbf6ac0bdba80439dec95ae6f28c6e95c2e704432630134f0ad4c9882dd72
v26_astral_armada_trap_06,card-art/v26_astral_armada_trap_06.webp,15724,f2c69e20ff950d16cd009e5471d96517b15480fa65d5746f79d76c1946dc6dee
v26_astral_armada_fusion_01,card-art/v26_astral_armada_fusion_01.webp,22074,55e816be1db48d17c768c2b7a969f78fe0d102a479fdf18205909fd86c1ac8ee
v26_astral_armada_fusion_02,card-art/v26_astral_armada_fusion_02.webp,20858,f9e2161009f88947099e5bfd1dcad0e1c80cb60fbaf4e6dbd76791ab1fb7128b
v26_astral_armada_evolution_01,card-art/v26_astral_armada_evolution_01.webp,23548,87224639a7bda76339818658def939c869612feeb2cef23b1e6dc6620de28fae
v26_astral_armada_evolution_02,card-art/v26_astral_armada_evolution_02.webp,23580,7e531c82ae243c6cef020139814064a1018bd64ff70456c7d7611a81bc0f2685